{
  "dataset": "svhn",
  "delta": 1e-05,
  "epsilon": 1.0979871712602955,
  "nb_teachers": 10,
  "noise_scale": 200.0,
  "optimal_order": 22.39999999999999,
  "smooth_sensitivity": true,
  "student_accuracy": 0.10250878875039948,
  "student_queries": 1000
}